-- MySQL dump 10.13  Distrib 8.0.34, for Win64 (x86_64)
--
-- Host: localhost    Database: tienda_con
-- ------------------------------------------------------
-- Server version	8.1.0

/*!40101 SET @OLD_CHARACTER_SET_CLIENT=@@CHARACTER_SET_CLIENT */;
/*!40101 SET @OLD_CHARACTER_SET_RESULTS=@@CHARACTER_SET_RESULTS */;
/*!40101 SET @OLD_COLLATION_CONNECTION=@@COLLATION_CONNECTION */;
/*!50503 SET NAMES utf8 */;
/*!40103 SET @OLD_TIME_ZONE=@@TIME_ZONE */;
/*!40103 SET TIME_ZONE='+00:00' */;
/*!40014 SET @OLD_UNIQUE_CHECKS=@@UNIQUE_CHECKS, UNIQUE_CHECKS=0 */;
/*!40014 SET @OLD_FOREIGN_KEY_CHECKS=@@FOREIGN_KEY_CHECKS, FOREIGN_KEY_CHECKS=0 */;
/*!40101 SET @OLD_SQL_MODE=@@SQL_MODE, SQL_MODE='NO_AUTO_VALUE_ON_ZERO' */;
/*!40111 SET @OLD_SQL_NOTES=@@SQL_NOTES, SQL_NOTES=0 */;

--
-- Table structure for table `cargo`
--

DROP TABLE IF EXISTS `cargo`;
/*!40101 SET @saved_cs_client     = @@character_set_client */;
/*!50503 SET character_set_client = utf8mb4 */;
CREATE TABLE `cargo` (
  `idcargo` int NOT NULL AUTO_INCREMENT,
  `nombre` varchar(45) NOT NULL,
  PRIMARY KEY (`idcargo`)
) ENGINE=InnoDB AUTO_INCREMENT=4 DEFAULT CHARSET=utf8mb3;
/*!40101 SET character_set_client = @saved_cs_client */;

--
-- Dumping data for table `cargo`
--

LOCK TABLES `cargo` WRITE;
/*!40000 ALTER TABLE `cargo` DISABLE KEYS */;
INSERT INTO `cargo` VALUES (1,'Admin'),(2,'Usuario'),(3,'Invitado');
/*!40000 ALTER TABLE `cargo` ENABLE KEYS */;
UNLOCK TABLES;

--
-- Table structure for table `cliente`
--

DROP TABLE IF EXISTS `cliente`;
/*!40101 SET @saved_cs_client     = @@character_set_client */;
/*!50503 SET character_set_client = utf8mb4 */;
CREATE TABLE `cliente` (
  `cedula` int NOT NULL,
  `tipodocumento` varchar(45) NOT NULL,
  `idsexo` int NOT NULL,
  `nombre` varchar(45) NOT NULL,
  `telefono` varchar(15) NOT NULL,
  `correo` varchar(45) NOT NULL,
  `direccion` varchar(45) NOT NULL,
  `condicion` tinyint NOT NULL,
  `fechanacimiento` date NOT NULL,
  PRIMARY KEY (`cedula`),
  KEY `idsexoo_idx` (`idsexo`),
  CONSTRAINT `idsexoo` FOREIGN KEY (`idsexo`) REFERENCES `sexo` (`idsexo`) ON DELETE CASCADE ON UPDATE CASCADE
) ENGINE=InnoDB DEFAULT CHARSET=utf8mb3;
/*!40101 SET character_set_client = @saved_cs_client */;

--
-- Dumping data for table `cliente`
--

LOCK TABLES `cliente` WRITE;
/*!40000 ALTER TABLE `cliente` DISABLE KEYS */;
INSERT INTO `cliente` VALUES (1,'',1,'hopnop','h','ihhiohioh','ndandop',1,'2005-12-01'),(123,'',1,'sdafsdfasd','1222312','sdASDSA','SDAFSDF',1,'2023-10-02'),(1223,'Tarjeta Identidad',1,'123','123','123','123',1,'2023-10-10'),(1234,'2',1,'webinnn','5435435','fgdgdg','ewff',1,'2000-08-07'),(65757,'',1,'ccggf','656565','fgcfgcfg','cvvbv',1,'2022-03-03'),(123454,'Tarjeta Identidad',1,'webin','232424','ssdfdsfd','fsdfsdf',1,'2023-10-01'),(123456789,'Pasaporte',3,'mulatico','214342','efsdfsdfdsfsd','dsdfdfsdfdsf',1,'2023-10-01');
/*!40000 ALTER TABLE `cliente` ENABLE KEYS */;
UNLOCK TABLES;

--
-- Table structure for table `fact_com`
--

DROP TABLE IF EXISTS `fact_com`;
/*!40101 SET @saved_cs_client     = @@character_set_client */;
/*!50503 SET character_set_client = utf8mb4 */;
CREATE TABLE `fact_com` (
  `idfact_com` int NOT NULL AUTO_INCREMENT,
  `idproveedor` int NOT NULL,
  `id_usuario` int NOT NULL,
  `fecha` date NOT NULL,
  `total_comp` float NOT NULL,
  `descuento` float NOT NULL,
  `tipode_pago` varchar(45) NOT NULL,
  `condicion` tinyint NOT NULL,
  PRIMARY KEY (`idfact_com`),
  KEY `idproveedor` (`idproveedor`),
  KEY `idusuario_idx` (`id_usuario`),
  KEY `idusuario` (`id_usuario`),
  CONSTRAINT `idproveedor` FOREIGN KEY (`idproveedor`) REFERENCES `proveedor` (`idproveedor`) ON DELETE CASCADE ON UPDATE CASCADE,
  CONSTRAINT `usuario` FOREIGN KEY (`id_usuario`) REFERENCES `usuario` (`idusuario`) ON DELETE CASCADE ON UPDATE CASCADE
) ENGINE=InnoDB AUTO_INCREMENT=19 DEFAULT CHARSET=utf8mb3;
/*!40101 SET character_set_client = @saved_cs_client */;

--
-- Dumping data for table `fact_com`
--

LOCK TABLES `fact_com` WRITE;
/*!40000 ALTER TABLE `fact_com` DISABLE KEYS */;
/*!40000 ALTER TABLE `fact_com` ENABLE KEYS */;
UNLOCK TABLES;

--
-- Table structure for table `fact_com_prod`
--

DROP TABLE IF EXISTS `fact_com_prod`;
/*!40101 SET @saved_cs_client     = @@character_set_client */;
/*!50503 SET character_set_client = utf8mb4 */;
CREATE TABLE `fact_com_prod` (
  `idfact_com_prod` int NOT NULL AUTO_INCREMENT,
  `idfact_com` int NOT NULL,
  `idpro` int NOT NULL,
  `cantidad_com` int NOT NULL,
  `pre_uni` int NOT NULL,
  `pre_total` int NOT NULL,
  PRIMARY KEY (`idfact_com_prod`),
  KEY `idpro_idx` (`idpro`),
  KEY `factura_com_idx` (`idfact_com`),
  CONSTRAINT `factura_com` FOREIGN KEY (`idfact_com`) REFERENCES `fact_com` (`idfact_com`) ON DELETE CASCADE ON UPDATE CASCADE,
  CONSTRAINT `idpro` FOREIGN KEY (`idpro`) REFERENCES `producto` (`idproducto`) ON DELETE CASCADE ON UPDATE CASCADE
) ENGINE=InnoDB AUTO_INCREMENT=4 DEFAULT CHARSET=utf8mb3;
/*!40101 SET character_set_client = @saved_cs_client */;

--
-- Dumping data for table `fact_com_prod`
--

LOCK TABLES `fact_com_prod` WRITE;
/*!40000 ALTER TABLE `fact_com_prod` DISABLE KEYS */;
/*!40000 ALTER TABLE `fact_com_prod` ENABLE KEYS */;
UNLOCK TABLES;
/*!50003 SET @saved_cs_client      = @@character_set_client */ ;
/*!50003 SET @saved_cs_results     = @@character_set_results */ ;
/*!50003 SET @saved_col_connection = @@collation_connection */ ;
/*!50003 SET character_set_client  = utf8mb4 */ ;
/*!50003 SET character_set_results = utf8mb4 */ ;
/*!50003 SET collation_connection  = utf8mb4_0900_ai_ci */ ;
/*!50003 SET @saved_sql_mode       = @@sql_mode */ ;
/*!50003 SET sql_mode              = 'ONLY_FULL_GROUP_BY,STRICT_TRANS_TABLES,NO_ZERO_IN_DATE,NO_ZERO_DATE,ERROR_FOR_DIVISION_BY_ZERO,NO_ENGINE_SUBSTITUTION' */ ;
DELIMITER ;;
/*!50003 CREATE*/ /*!50017 DEFINER=`root`@`localhost`*/ /*!50003 TRIGGER `nuevo` BEFORE INSERT ON `fact_com_prod` FOR EACH ROW BEGIN
set new.pre_total= new.cantidad_com * new.pre_total;
END */;;
DELIMITER ;
/*!50003 SET sql_mode              = @saved_sql_mode */ ;
/*!50003 SET character_set_client  = @saved_cs_client */ ;
/*!50003 SET character_set_results = @saved_cs_results */ ;
/*!50003 SET collation_connection  = @saved_col_connection */ ;
/*!50003 SET @saved_cs_client      = @@character_set_client */ ;
/*!50003 SET @saved_cs_results     = @@character_set_results */ ;
/*!50003 SET @saved_col_connection = @@collation_connection */ ;
/*!50003 SET character_set_client  = utf8mb4 */ ;
/*!50003 SET character_set_results = utf8mb4 */ ;
/*!50003 SET collation_connection  = utf8mb4_0900_ai_ci */ ;
/*!50003 SET @saved_sql_mode       = @@sql_mode */ ;
/*!50003 SET sql_mode              = 'ONLY_FULL_GROUP_BY,STRICT_TRANS_TABLES,NO_ZERO_IN_DATE,NO_ZERO_DATE,ERROR_FOR_DIVISION_BY_ZERO,NO_ENGINE_SUBSTITUTION' */ ;
DELIMITER ;;
/*!50003 CREATE*/ /*!50017 DEFINER=`root`@`localhost`*/ /*!50003 TRIGGER `Actualizar` AFTER INSERT ON `fact_com_prod` FOR EACH ROW begin 
update producto inner join fact_com_prod set cantidad = cantidad - NEW.cantidad_com where NEW.cantidad_com=producto.idproducto;
end */;;
DELIMITER ;
/*!50003 SET sql_mode              = @saved_sql_mode */ ;
/*!50003 SET character_set_client  = @saved_cs_client */ ;
/*!50003 SET character_set_results = @saved_cs_results */ ;
/*!50003 SET collation_connection  = @saved_col_connection */ ;

--
-- Table structure for table `factura`
--

DROP TABLE IF EXISTS `factura`;
/*!40101 SET @saved_cs_client     = @@character_set_client */;
/*!50503 SET character_set_client = utf8mb4 */;
CREATE TABLE `factura` (
  `idfactura` int NOT NULL AUTO_INCREMENT,
  `fecha` date NOT NULL,
  `tipopago` varchar(45) NOT NULL,
  `impuesto` float NOT NULL,
  `totalfactura` float NOT NULL,
  `cedula` int NOT NULL,
  `idusuario` int NOT NULL,
  `condicion` tinyint NOT NULL,
  PRIMARY KEY (`idfactura`),
  KEY `cedula_idx` (`cedula`),
  KEY `idusuario_idx` (`idusuario`),
  CONSTRAINT `cedula` FOREIGN KEY (`cedula`) REFERENCES `cliente` (`cedula`) ON DELETE CASCADE ON UPDATE CASCADE,
  CONSTRAINT `idusuario` FOREIGN KEY (`idusuario`) REFERENCES `usuario` (`idusuario`) ON DELETE CASCADE ON UPDATE CASCADE
) ENGINE=InnoDB AUTO_INCREMENT=15 DEFAULT CHARSET=utf8mb3;
/*!40101 SET character_set_client = @saved_cs_client */;

--
-- Dumping data for table `factura`
--

LOCK TABLES `factura` WRITE;
/*!40000 ALTER TABLE `factura` DISABLE KEYS */;
INSERT INTO `factura` VALUES (14,'2023-10-26','Efectivo',0.19,0,1,1,1);
/*!40000 ALTER TABLE `factura` ENABLE KEYS */;
UNLOCK TABLES;

--
-- Table structure for table `ingeso`
--

DROP TABLE IF EXISTS `ingeso`;
/*!40101 SET @saved_cs_client     = @@character_set_client */;
/*!50503 SET character_set_client = utf8mb4 */;
CREATE TABLE `ingeso` (
  `idingeso` int NOT NULL,
  `sueldo` int NOT NULL,
  `descuento` float NOT NULL,
  PRIMARY KEY (`idingeso`)
) ENGINE=InnoDB DEFAULT CHARSET=utf8mb3;
/*!40101 SET character_set_client = @saved_cs_client */;

--
-- Dumping data for table `ingeso`
--

LOCK TABLES `ingeso` WRITE;
/*!40000 ALTER TABLE `ingeso` DISABLE KEYS */;
/*!40000 ALTER TABLE `ingeso` ENABLE KEYS */;
UNLOCK TABLES;

--
-- Temporary view structure for view `mostrar_cargo`
--

DROP TABLE IF EXISTS `mostrar_cargo`;
/*!50001 DROP VIEW IF EXISTS `mostrar_cargo`*/;
SET @saved_cs_client     = @@character_set_client;
/*!50503 SET character_set_client = utf8mb4 */;
/*!50001 CREATE VIEW `mostrar_cargo` AS SELECT 
 1 AS `idcargo`,
 1 AS `nombre`*/;
SET character_set_client = @saved_cs_client;

--
-- Temporary view structure for view `mostrar_cliente`
--

DROP TABLE IF EXISTS `mostrar_cliente`;
/*!50001 DROP VIEW IF EXISTS `mostrar_cliente`*/;
SET @saved_cs_client     = @@character_set_client;
/*!50503 SET character_set_client = utf8mb4 */;
/*!50001 CREATE VIEW `mostrar_cliente` AS SELECT 
 1 AS `cedula`,
 1 AS `tipodocumento`,
 1 AS `sexos`,
 1 AS `nombre`,
 1 AS `telefono`,
 1 AS `correo`,
 1 AS `direccion`,
 1 AS `fechanacimiento`*/;
SET character_set_client = @saved_cs_client;

--
-- Temporary view structure for view `mostrar_producto`
--

DROP TABLE IF EXISTS `mostrar_producto`;
/*!50001 DROP VIEW IF EXISTS `mostrar_producto`*/;
SET @saved_cs_client     = @@character_set_client;
/*!50503 SET character_set_client = utf8mb4 */;
/*!50001 CREATE VIEW `mostrar_producto` AS SELECT 
 1 AS `Identificar`,
 1 AS `NombreDelProducto`,
 1 AS `DescripcionDelProducto`,
 1 AS `CantidadDelProducto`,
 1 AS `ImagenDelProducto`,
 1 AS `PrecioDelProducto`*/;
SET character_set_client = @saved_cs_client;

--
-- Temporary view structure for view `mostrar_proveedor`
--

DROP TABLE IF EXISTS `mostrar_proveedor`;
/*!50001 DROP VIEW IF EXISTS `mostrar_proveedor`*/;
SET @saved_cs_client     = @@character_set_client;
/*!50503 SET character_set_client = utf8mb4 */;
/*!50001 CREATE VIEW `mostrar_proveedor` AS SELECT 
 1 AS `idproveedor`,
 1 AS `tipodocumento`,
 1 AS `nombre`,
 1 AS `NombreProveedor`,
 1 AS `correo`,
 1 AS `telefono`,
 1 AS `direccion`,
 1 AS `tipodepersona`,
 1 AS `fechanacimiento`*/;
SET character_set_client = @saved_cs_client;

--
-- Temporary view structure for view `mostrar_sexo`
--

DROP TABLE IF EXISTS `mostrar_sexo`;
/*!50001 DROP VIEW IF EXISTS `mostrar_sexo`*/;
SET @saved_cs_client     = @@character_set_client;
/*!50503 SET character_set_client = utf8mb4 */;
/*!50001 CREATE VIEW `mostrar_sexo` AS SELECT 
 1 AS `idsexo`,
 1 AS `nombre`*/;
SET character_set_client = @saved_cs_client;

--
-- Temporary view structure for view `mostrar_usuario`
--

DROP TABLE IF EXISTS `mostrar_usuario`;
/*!50001 DROP VIEW IF EXISTS `mostrar_usuario`*/;
SET @saved_cs_client     = @@character_set_client;
/*!50503 SET character_set_client = utf8mb4 */;
/*!50001 CREATE VIEW `mostrar_usuario` AS SELECT 
 1 AS `idiusu`,
 1 AS `sexoo`,
 1 AS `rol`,
 1 AS `nombredeusuario`,
 1 AS `telefono`,
 1 AS `gmailcorreo`,
 1 AS `direccion`,
 1 AS `fechadenacimiento`,
 1 AS `tipodedocumento`*/;
SET character_set_client = @saved_cs_client;

--
-- Temporary view structure for view `pato`
--

DROP TABLE IF EXISTS `pato`;
/*!50001 DROP VIEW IF EXISTS `pato`*/;
SET @saved_cs_client     = @@character_set_client;
/*!50503 SET character_set_client = utf8mb4 */;
/*!50001 CREATE VIEW `pato` AS SELECT 
 1 AS `Nombre`,
 1 AS `Factura`,
 1 AS `Producto`,
 1 AS `Cantidad`,
 1 AS `Descuento`,
 1 AS `Total`*/;
SET character_set_client = @saved_cs_client;

--
-- Table structure for table `producto`
--

DROP TABLE IF EXISTS `producto`;
/*!40101 SET @saved_cs_client     = @@character_set_client */;
/*!50503 SET character_set_client = utf8mb4 */;
CREATE TABLE `producto` (
  `idproducto` int NOT NULL AUTO_INCREMENT,
  `nombre` varchar(45) NOT NULL,
  `descripcion` varchar(45) NOT NULL,
  `cantidad` int NOT NULL,
  `imagen` longblob,
  `precio` float NOT NULL,
  `ruta` varchar(500) DEFAULT NULL,
  `condicion` tinyint NOT NULL,
  PRIMARY KEY (`idproducto`)
) ENGINE=InnoDB AUTO_INCREMENT=12 DEFAULT CHARSET=utf8mb3;
/*!40101 SET character_set_client = @saved_cs_client */;

--
-- Dumping data for table `producto`
--

LOCK TABLES `producto` WRITE;
/*!40000 ALTER TABLE `producto` DISABLE KEYS */;
INSERT INTO `producto` VALUES (1,'computador','color gris',4,_binary '0',1500000,'',1),(7,'celular','color negro',2,NULL,700000,'',1),(8,'moto','color azul',1,NULL,3500000,'',1),(9,'carro','color rojo',1,NULL,23000000,'',1),(10,'papita','rizadas sabor pollo',6,NULL,20000,'',1),(11,'cable','azul',0,_binary '0',0,'',1);
/*!40000 ALTER TABLE `producto` ENABLE KEYS */;
UNLOCK TABLES;

--
-- Table structure for table `producto_factura`
--

DROP TABLE IF EXISTS `producto_factura`;
/*!40101 SET @saved_cs_client     = @@character_set_client */;
/*!50503 SET character_set_client = utf8mb4 */;
CREATE TABLE `producto_factura` (
  `idproducto_factura` int NOT NULL AUTO_INCREMENT,
  `idproducto` int NOT NULL,
  `idfactura` int NOT NULL,
  `cantidad` int NOT NULL,
  `descuento` float NOT NULL,
  `totalventas` float NOT NULL,
  PRIMARY KEY (`idproducto_factura`),
  KEY `idfactura_idx` (`idfactura`),
  KEY `idproducto_idx` (`idproducto`),
  CONSTRAINT `idfactura` FOREIGN KEY (`idfactura`) REFERENCES `factura` (`idfactura`) ON DELETE CASCADE ON UPDATE CASCADE,
  CONSTRAINT `idproducto` FOREIGN KEY (`idproducto`) REFERENCES `producto` (`idproducto`) ON DELETE CASCADE ON UPDATE CASCADE
) ENGINE=InnoDB AUTO_INCREMENT=4 DEFAULT CHARSET=utf8mb3;
/*!40101 SET character_set_client = @saved_cs_client */;

--
-- Dumping data for table `producto_factura`
--

LOCK TABLES `producto_factura` WRITE;
/*!40000 ALTER TABLE `producto_factura` DISABLE KEYS */;
/*!40000 ALTER TABLE `producto_factura` ENABLE KEYS */;
UNLOCK TABLES;

--
-- Table structure for table `proveedor`
--

DROP TABLE IF EXISTS `proveedor`;
/*!40101 SET @saved_cs_client     = @@character_set_client */;
/*!50503 SET character_set_client = utf8mb4 */;
CREATE TABLE `proveedor` (
  `idproveedor` int NOT NULL AUTO_INCREMENT,
  `tipodocumento` varchar(45) NOT NULL,
  `idsexo` int NOT NULL,
  `nombre` varchar(45) NOT NULL,
  `correo` varchar(30) NOT NULL,
  `telefono` varchar(45) NOT NULL,
  `direccion` varchar(45) NOT NULL,
  `tipodepersona` varchar(45) NOT NULL,
  `condicion` tinyint NOT NULL,
  `fechanacimiento` date NOT NULL,
  PRIMARY KEY (`idproveedor`),
  KEY `idsexo_idx` (`idsexo`),
  CONSTRAINT `idsexo` FOREIGN KEY (`idsexo`) REFERENCES `sexo` (`idsexo`) ON DELETE CASCADE ON UPDATE CASCADE
) ENGINE=InnoDB AUTO_INCREMENT=17 DEFAULT CHARSET=utf8mb3;
/*!40101 SET character_set_client = @saved_cs_client */;

--
-- Dumping data for table `proveedor`
--

LOCK TABLES `proveedor` WRITE;
/*!40000 ALTER TABLE `proveedor` DISABLE KEYS */;
INSERT INTO `proveedor` VALUES (4,'',1,'hjjaidowjiowj','jowadjoiwjiw','jiowio','jowidiojjoiw','Persona juridica',1,'2023-10-03'),(5,'',1,'sdsadsad','saddsadasd','54353453','sdffsdfsdf','Persona juridica',1,'2023-10-02'),(6,'',1,'Bismar','bismar@gmail.com','342342342','safsdfsdf','Persona juridica',1,'2023-10-01'),(7,'',1,'emeregildo','dsadasdsd','23232323','sadsdsadasd','Persona juridica',1,'2017-10-03'),(8,'',1,'carmelino','dfsddfsdf','23232424','sdasfsdf','Persona juridica',1,'2023-10-01'),(9,'Pasaporte',3,'webin','sfdfsdfsdf','243431','dsfdfsdf','Persona juridica',1,'2023-10-03'),(10,'Nit',1,'123','123','1233','ad','Persona natural',1,'2023-10-10'),(11,'Pasaporte',3,'webiiin','sdfdf','3423423','ewwfwef','Persona natural',1,'2023-10-03'),(12,'Cedula de ciudadania',1,'fsdffsdfsdf','sadfsafs','242424','sadsd','Persona natural',1,'2023-10-01'),(13,'Nit',2,'bismar','safdasfdsf','3542354345','dasdsaf','Persona natural',1,'2023-10-01'),(14,'1',2,'bismar','sfdfdsf','43434','sff','2',1,'2000-10-10'),(15,'Pasaporte',1,'webiinnn','dasfdsdfa','5253535','dsfsdfsdfd','Persona juridica',1,'2023-10-01'),(16,'Cedula de ciudadania',1,'camilooo','sadsadafd','3232323','sadsf','Persona natural',1,'2023-10-01');
/*!40000 ALTER TABLE `proveedor` ENABLE KEYS */;
UNLOCK TABLES;

--
-- Table structure for table `sexo`
--

DROP TABLE IF EXISTS `sexo`;
/*!40101 SET @saved_cs_client     = @@character_set_client */;
/*!50503 SET character_set_client = utf8mb4 */;
CREATE TABLE `sexo` (
  `idsexo` int NOT NULL AUTO_INCREMENT,
  `nombre` varchar(45) NOT NULL,
  `condicion` tinyint NOT NULL,
  PRIMARY KEY (`idsexo`)
) ENGINE=InnoDB AUTO_INCREMENT=4 DEFAULT CHARSET=utf8mb3;
/*!40101 SET character_set_client = @saved_cs_client */;

--
-- Dumping data for table `sexo`
--

LOCK TABLES `sexo` WRITE;
/*!40000 ALTER TABLE `sexo` DISABLE KEYS */;
INSERT INTO `sexo` VALUES (1,'Masculino',1),(2,'Femenino',1),(3,'Otros',1);
/*!40000 ALTER TABLE `sexo` ENABLE KEYS */;
UNLOCK TABLES;

--
-- Table structure for table `usuario`
--

DROP TABLE IF EXISTS `usuario`;
/*!40101 SET @saved_cs_client     = @@character_set_client */;
/*!50503 SET character_set_client = utf8mb4 */;
CREATE TABLE `usuario` (
  `idusuario` int NOT NULL,
  `tipodocumento` varchar(45) NOT NULL,
  `nombre` varchar(45) NOT NULL,
  `idsexo` int NOT NULL,
  `idcargo` int NOT NULL,
  `telefono` varchar(45) NOT NULL,
  `correo` varchar(45) NOT NULL,
  `direccion` varchar(45) NOT NULL,
  `login` varchar(45) NOT NULL,
  `clave` varchar(25) NOT NULL,
  `condicion` tinyint NOT NULL,
  `fechanacimiento` date NOT NULL,
  PRIMARY KEY (`idusuario`),
  KEY `idsex_idx` (`idsexo`),
  KEY `idcar_idx` (`idcargo`),
  CONSTRAINT `idcar` FOREIGN KEY (`idcargo`) REFERENCES `cargo` (`idcargo`) ON DELETE CASCADE ON UPDATE CASCADE,
  CONSTRAINT `idsex` FOREIGN KEY (`idsexo`) REFERENCES `sexo` (`idsexo`) ON DELETE CASCADE ON UPDATE CASCADE
) ENGINE=InnoDB DEFAULT CHARSET=utf8mb3;
/*!40101 SET character_set_client = @saved_cs_client */;

--
-- Dumping data for table `usuario`
--

LOCK TABLES `usuario` WRITE;
/*!40000 ALTER TABLE `usuario` DISABLE KEYS */;
INSERT INTO `usuario` VALUES (1,'Cedula','Juan',1,1,'11','ae@gmail.com','as','123','123',1,'2005-12-20'),(12,'Cedula','webin',3,2,'23423423','ebinefdsf','wefsdfsdf','1234','1234',1,'2020-09-10'),(111,'Cedula','Camilo',2,1,'111','1','1','123','123',1,'2023-10-03'),(112,'','2233',1,2,'eeerrrr','ggfgfh','ghhh','hjgug','fcg',0,'2023-10-01'),(9898,'','19891',1,3,'89189','18901890','10890','113','123',0,'2023-10-05'),(83838,'Cedula','BEMBARAYO',2,1,'U9129U','IONOI','NIONIONIO','NIONOI','NOIIION',1,'2003-11-12'),(111222,'Pasaporte','Pepe',1,3,'12337','ghnjkl','vbnm,.','pepe','123',1,'2023-10-04'),(123999,'Pasaporte','Cesar',1,1,'12345','cesar@','ooj','123','123',1,'2023-10-17'),(123546456,'Pasaporte','mulatico',3,3,'5345435','mulaticooo','dsdfdsf','9923','1234',1,'2023-10-01'),(1234567676,'Tarjeta identidad','Yey',1,2,'43454353','yey@hotmail.com','barrio san judas','987','765',1,'2001-08-13');
/*!40000 ALTER TABLE `usuario` ENABLE KEYS */;
UNLOCK TABLES;

--
-- Dumping routines for database 'tienda_con'
--
/*!50003 DROP PROCEDURE IF EXISTS `Actualizar_Cliente` */;
/*!50003 SET @saved_cs_client      = @@character_set_client */ ;
/*!50003 SET @saved_cs_results     = @@character_set_results */ ;
/*!50003 SET @saved_col_connection = @@collation_connection */ ;
/*!50003 SET character_set_client  = utf8mb4 */ ;
/*!50003 SET character_set_results = utf8mb4 */ ;
/*!50003 SET collation_connection  = utf8mb4_0900_ai_ci */ ;
/*!50003 SET @saved_sql_mode       = @@sql_mode */ ;
/*!50003 SET sql_mode              = 'ONLY_FULL_GROUP_BY,STRICT_TRANS_TABLES,NO_ZERO_IN_DATE,NO_ZERO_DATE,ERROR_FOR_DIVISION_BY_ZERO,NO_ENGINE_SUBSTITUTION' */ ;
DELIMITER ;;
CREATE DEFINER=`root`@`localhost` PROCEDURE `Actualizar_Cliente`(in ced int, in nom varchar(45), in tele varchar(15), in corr varchar(45), in dire varchar(45), in fecha date, in sexo int)
BEGIN
update cliente set nombre = nom, telefono = tele, correo = corr, direccion = dire, fechanacimiento = fecha, idsexo = sexo where cedula = ced;
END ;;
DELIMITER ;
/*!50003 SET sql_mode              = @saved_sql_mode */ ;
/*!50003 SET character_set_client  = @saved_cs_client */ ;
/*!50003 SET character_set_results = @saved_cs_results */ ;
/*!50003 SET collation_connection  = @saved_col_connection */ ;
/*!50003 DROP PROCEDURE IF EXISTS `Actualizar_Producto` */;
/*!50003 SET @saved_cs_client      = @@character_set_client */ ;
/*!50003 SET @saved_cs_results     = @@character_set_results */ ;
/*!50003 SET @saved_col_connection = @@collation_connection */ ;
/*!50003 SET character_set_client  = utf8mb4 */ ;
/*!50003 SET character_set_results = utf8mb4 */ ;
/*!50003 SET collation_connection  = utf8mb4_0900_ai_ci */ ;
/*!50003 SET @saved_sql_mode       = @@sql_mode */ ;
/*!50003 SET sql_mode              = 'ONLY_FULL_GROUP_BY,STRICT_TRANS_TABLES,NO_ZERO_IN_DATE,NO_ZERO_DATE,ERROR_FOR_DIVISION_BY_ZERO,NO_ENGINE_SUBSTITUTION' */ ;
DELIMITER ;;
CREATE DEFINER=`root`@`localhost` PROCEDURE `Actualizar_Producto`(in nom varchar(45),in descrip varchar(45),in img longblob,in rut varchar(500))
BEGIN
update producto set nombre=nom,descripcion=descrip,imagen=img,ruta=rut;
END ;;
DELIMITER ;
/*!50003 SET sql_mode              = @saved_sql_mode */ ;
/*!50003 SET character_set_client  = @saved_cs_client */ ;
/*!50003 SET character_set_results = @saved_cs_results */ ;
/*!50003 SET collation_connection  = @saved_col_connection */ ;
/*!50003 DROP PROCEDURE IF EXISTS `Actualizar_Proveedor` */;
/*!50003 SET @saved_cs_client      = @@character_set_client */ ;
/*!50003 SET @saved_cs_results     = @@character_set_results */ ;
/*!50003 SET @saved_col_connection = @@collation_connection */ ;
/*!50003 SET character_set_client  = utf8mb4 */ ;
/*!50003 SET character_set_results = utf8mb4 */ ;
/*!50003 SET collation_connection  = utf8mb4_0900_ai_ci */ ;
/*!50003 SET @saved_sql_mode       = @@sql_mode */ ;
/*!50003 SET sql_mode              = 'ONLY_FULL_GROUP_BY,STRICT_TRANS_TABLES,NO_ZERO_IN_DATE,NO_ZERO_DATE,ERROR_FOR_DIVISION_BY_ZERO,NO_ENGINE_SUBSTITUTION' */ ;
DELIMITER ;;
CREATE DEFINER=`root`@`localhost` PROCEDURE `Actualizar_Proveedor`(in ced int, in nom varchar(45), in tele varchar(45), in corr varchar(30), in dire varchar(45), in fecha date, in sexo int,in tipoper varchar(45))
BEGIN
update proveedor set nombre = nom, telefono = tele, correo = corr, direccion = dire, fechanacimiento = fecha, idsexo = sexo,tipodepersona=tipoper where idproveedor = ced;
END ;;
DELIMITER ;
/*!50003 SET sql_mode              = @saved_sql_mode */ ;
/*!50003 SET character_set_client  = @saved_cs_client */ ;
/*!50003 SET character_set_results = @saved_cs_results */ ;
/*!50003 SET collation_connection  = @saved_col_connection */ ;
/*!50003 DROP PROCEDURE IF EXISTS `Actualizar_Usuario` */;
/*!50003 SET @saved_cs_client      = @@character_set_client */ ;
/*!50003 SET @saved_cs_results     = @@character_set_results */ ;
/*!50003 SET @saved_col_connection = @@collation_connection */ ;
/*!50003 SET character_set_client  = utf8mb4 */ ;
/*!50003 SET character_set_results = utf8mb4 */ ;
/*!50003 SET collation_connection  = utf8mb4_0900_ai_ci */ ;
/*!50003 SET @saved_sql_mode       = @@sql_mode */ ;
/*!50003 SET sql_mode              = 'ONLY_FULL_GROUP_BY,STRICT_TRANS_TABLES,NO_ZERO_IN_DATE,NO_ZERO_DATE,ERROR_FOR_DIVISION_BY_ZERO,NO_ENGINE_SUBSTITUTION' */ ;
DELIMITER ;;
CREATE DEFINER=`root`@`localhost` PROCEDURE `Actualizar_Usuario`(in ced int, in nom varchar(45), in tele varchar(45), in corr varchar(45), in dire varchar(45), in fecha date,in clav varchar(200), in sexo int, in cargo int)
BEGIN
update usuario set nombre = nom, telefono = tele, correo = corr, direccion = dire, fechanacimiento = fecha, idsexo = sexo, idcargo = cargo, clave = clav where idusuario = ced;
END ;;
DELIMITER ;
/*!50003 SET sql_mode              = @saved_sql_mode */ ;
/*!50003 SET character_set_client  = @saved_cs_client */ ;
/*!50003 SET character_set_results = @saved_cs_results */ ;
/*!50003 SET collation_connection  = @saved_col_connection */ ;
/*!50003 DROP PROCEDURE IF EXISTS `BuscarRegistro` */;
/*!50003 SET @saved_cs_client      = @@character_set_client */ ;
/*!50003 SET @saved_cs_results     = @@character_set_results */ ;
/*!50003 SET @saved_col_connection = @@collation_connection */ ;
/*!50003 SET character_set_client  = utf8mb4 */ ;
/*!50003 SET character_set_results = utf8mb4 */ ;
/*!50003 SET collation_connection  = utf8mb4_0900_ai_ci */ ;
/*!50003 SET @saved_sql_mode       = @@sql_mode */ ;
/*!50003 SET sql_mode              = 'ONLY_FULL_GROUP_BY,STRICT_TRANS_TABLES,NO_ZERO_IN_DATE,NO_ZERO_DATE,ERROR_FOR_DIVISION_BY_ZERO,NO_ENGINE_SUBSTITUTION' */ ;
DELIMITER ;;
CREATE DEFINER=`root`@`localhost` PROCEDURE `BuscarRegistro`(in valor int)
BEGIN
select * from usuario where idusuario = valor;
END ;;
DELIMITER ;
/*!50003 SET sql_mode              = @saved_sql_mode */ ;
/*!50003 SET character_set_client  = @saved_cs_client */ ;
/*!50003 SET character_set_results = @saved_cs_results */ ;
/*!50003 SET collation_connection  = @saved_col_connection */ ;
/*!50003 DROP PROCEDURE IF EXISTS `Buscar_Producto` */;
/*!50003 SET @saved_cs_client      = @@character_set_client */ ;
/*!50003 SET @saved_cs_results     = @@character_set_results */ ;
/*!50003 SET @saved_col_connection = @@collation_connection */ ;
/*!50003 SET character_set_client  = utf8mb4 */ ;
/*!50003 SET character_set_results = utf8mb4 */ ;
/*!50003 SET collation_connection  = utf8mb4_0900_ai_ci */ ;
/*!50003 SET @saved_sql_mode       = @@sql_mode */ ;
/*!50003 SET sql_mode              = 'ONLY_FULL_GROUP_BY,STRICT_TRANS_TABLES,NO_ZERO_IN_DATE,NO_ZERO_DATE,ERROR_FOR_DIVISION_BY_ZERO,NO_ENGINE_SUBSTITUTION' */ ;
DELIMITER ;;
CREATE DEFINER=`root`@`localhost` PROCEDURE `Buscar_Producto`(in valor int)
BEGIN
select * from producto where idproducto = valor;
END ;;
DELIMITER ;
/*!50003 SET sql_mode              = @saved_sql_mode */ ;
/*!50003 SET character_set_client  = @saved_cs_client */ ;
/*!50003 SET character_set_results = @saved_cs_results */ ;
/*!50003 SET collation_connection  = @saved_col_connection */ ;
/*!50003 DROP PROCEDURE IF EXISTS `cli_ente` */;
/*!50003 SET @saved_cs_client      = @@character_set_client */ ;
/*!50003 SET @saved_cs_results     = @@character_set_results */ ;
/*!50003 SET @saved_col_connection = @@collation_connection */ ;
/*!50003 SET character_set_client  = utf8mb4 */ ;
/*!50003 SET character_set_results = utf8mb4 */ ;
/*!50003 SET collation_connection  = utf8mb4_0900_ai_ci */ ;
/*!50003 SET @saved_sql_mode       = @@sql_mode */ ;
/*!50003 SET sql_mode              = 'ONLY_FULL_GROUP_BY,STRICT_TRANS_TABLES,NO_ZERO_IN_DATE,NO_ZERO_DATE,ERROR_FOR_DIVISION_BY_ZERO,NO_ENGINE_SUBSTITUTION' */ ;
DELIMITER ;;
CREATE DEFINER=`root`@`localhost` PROCEDURE `cli_ente`(in cela int,in tipodocu varchar(45), sex int, in nom varchar(45), in tele varchar(15),in corre varchar(45), in direc varchar(45),in fec date)
BEGIN
insert into cliente values ( cela,tipodocu, sex, nom, tele, corre,direc, '1',fec);
END ;;
DELIMITER ;
/*!50003 SET sql_mode              = @saved_sql_mode */ ;
/*!50003 SET character_set_client  = @saved_cs_client */ ;
/*!50003 SET character_set_results = @saved_cs_results */ ;
/*!50003 SET collation_connection  = @saved_col_connection */ ;
/*!50003 DROP PROCEDURE IF EXISTS `consultar_producto` */;
/*!50003 SET @saved_cs_client      = @@character_set_client */ ;
/*!50003 SET @saved_cs_results     = @@character_set_results */ ;
/*!50003 SET @saved_col_connection = @@collation_connection */ ;
/*!50003 SET character_set_client  = utf8mb4 */ ;
/*!50003 SET character_set_results = utf8mb4 */ ;
/*!50003 SET collation_connection  = utf8mb4_0900_ai_ci */ ;
/*!50003 SET @saved_sql_mode       = @@sql_mode */ ;
/*!50003 SET sql_mode              = 'ONLY_FULL_GROUP_BY,STRICT_TRANS_TABLES,NO_ZERO_IN_DATE,NO_ZERO_DATE,ERROR_FOR_DIVISION_BY_ZERO,NO_ENGINE_SUBSTITUTION' */ ;
DELIMITER ;;
CREATE DEFINER=`root`@`localhost` PROCEDURE `consultar_producto`(in valor varchar(45))
BEGIN
select * from  mostrar_producto where Identificador  like concat('%',valor,'%') || NombreDelProducto like concat('%',valor,'%') || DescripcionDelProducto like concat('%',valor,'%') || PrecioDelProducto like concat('%',valor,'%'); 
END ;;
DELIMITER ;
/*!50003 SET sql_mode              = @saved_sql_mode */ ;
/*!50003 SET character_set_client  = @saved_cs_client */ ;
/*!50003 SET character_set_results = @saved_cs_results */ ;
/*!50003 SET collation_connection  = @saved_col_connection */ ;
/*!50003 DROP PROCEDURE IF EXISTS `consultar_usuario` */;
/*!50003 SET @saved_cs_client      = @@character_set_client */ ;
/*!50003 SET @saved_cs_results     = @@character_set_results */ ;
/*!50003 SET @saved_col_connection = @@collation_connection */ ;
/*!50003 SET character_set_client  = utf8mb4 */ ;
/*!50003 SET character_set_results = utf8mb4 */ ;
/*!50003 SET collation_connection  = utf8mb4_0900_ai_ci */ ;
/*!50003 SET @saved_sql_mode       = @@sql_mode */ ;
/*!50003 SET sql_mode              = 'ONLY_FULL_GROUP_BY,STRICT_TRANS_TABLES,NO_ZERO_IN_DATE,NO_ZERO_DATE,ERROR_FOR_DIVISION_BY_ZERO,NO_ENGINE_SUBSTITUTION' */ ;
DELIMITER ;;
CREATE DEFINER=`root`@`localhost` PROCEDURE `consultar_usuario`(in valor varchar(45))
BEGIN
select * from mostrar_usuario where idiusu like concat('%',valor,'%') || sexoo like concat('%',valor,'%') || rol like concat('%',valor,'%') || nombredeusuario like concat('%',valor,'%') || telefono like concat('%',valor,'%') || gmailcorreo like concat('%',valor,'%') || direccion like concat('%',valor,'%') || fechadenacimiento like concat('%',valor,'%') || tipodedocumento like concat('%',valor,'%'); 
END ;;
DELIMITER ;
/*!50003 SET sql_mode              = @saved_sql_mode */ ;
/*!50003 SET character_set_client  = @saved_cs_client */ ;
/*!50003 SET character_set_results = @saved_cs_results */ ;
/*!50003 SET collation_connection  = @saved_col_connection */ ;
/*!50003 DROP PROCEDURE IF EXISTS `Eliminar_Cliente` */;
/*!50003 SET @saved_cs_client      = @@character_set_client */ ;
/*!50003 SET @saved_cs_results     = @@character_set_results */ ;
/*!50003 SET @saved_col_connection = @@collation_connection */ ;
/*!50003 SET character_set_client  = utf8mb4 */ ;
/*!50003 SET character_set_results = utf8mb4 */ ;
/*!50003 SET collation_connection  = utf8mb4_0900_ai_ci */ ;
/*!50003 SET @saved_sql_mode       = @@sql_mode */ ;
/*!50003 SET sql_mode              = 'ONLY_FULL_GROUP_BY,STRICT_TRANS_TABLES,NO_ZERO_IN_DATE,NO_ZERO_DATE,ERROR_FOR_DIVISION_BY_ZERO,NO_ENGINE_SUBSTITUTION' */ ;
DELIMITER ;;
CREATE DEFINER=`root`@`localhost` PROCEDURE `Eliminar_Cliente`(in ced int)
BEGIN
update cliente set condicion='0' where cedula = ced;
END ;;
DELIMITER ;
/*!50003 SET sql_mode              = @saved_sql_mode */ ;
/*!50003 SET character_set_client  = @saved_cs_client */ ;
/*!50003 SET character_set_results = @saved_cs_results */ ;
/*!50003 SET collation_connection  = @saved_col_connection */ ;
/*!50003 DROP PROCEDURE IF EXISTS `Eliminar_Producto` */;
/*!50003 SET @saved_cs_client      = @@character_set_client */ ;
/*!50003 SET @saved_cs_results     = @@character_set_results */ ;
/*!50003 SET @saved_col_connection = @@collation_connection */ ;
/*!50003 SET character_set_client  = utf8mb4 */ ;
/*!50003 SET character_set_results = utf8mb4 */ ;
/*!50003 SET collation_connection  = utf8mb4_0900_ai_ci */ ;
/*!50003 SET @saved_sql_mode       = @@sql_mode */ ;
/*!50003 SET sql_mode              = 'ONLY_FULL_GROUP_BY,STRICT_TRANS_TABLES,NO_ZERO_IN_DATE,NO_ZERO_DATE,ERROR_FOR_DIVISION_BY_ZERO,NO_ENGINE_SUBSTITUTION' */ ;
DELIMITER ;;
CREATE DEFINER=`root`@`localhost` PROCEDURE `Eliminar_Producto`(in ced int)
BEGIN
update producto set condicion='0' where idproducto = ced;
END ;;
DELIMITER ;
/*!50003 SET sql_mode              = @saved_sql_mode */ ;
/*!50003 SET character_set_client  = @saved_cs_client */ ;
/*!50003 SET character_set_results = @saved_cs_results */ ;
/*!50003 SET collation_connection  = @saved_col_connection */ ;
/*!50003 DROP PROCEDURE IF EXISTS `Eliminar_Proveedor` */;
/*!50003 SET @saved_cs_client      = @@character_set_client */ ;
/*!50003 SET @saved_cs_results     = @@character_set_results */ ;
/*!50003 SET @saved_col_connection = @@collation_connection */ ;
/*!50003 SET character_set_client  = utf8mb4 */ ;
/*!50003 SET character_set_results = utf8mb4 */ ;
/*!50003 SET collation_connection  = utf8mb4_0900_ai_ci */ ;
/*!50003 SET @saved_sql_mode       = @@sql_mode */ ;
/*!50003 SET sql_mode              = 'ONLY_FULL_GROUP_BY,STRICT_TRANS_TABLES,NO_ZERO_IN_DATE,NO_ZERO_DATE,ERROR_FOR_DIVISION_BY_ZERO,NO_ENGINE_SUBSTITUTION' */ ;
DELIMITER ;;
CREATE DEFINER=`root`@`localhost` PROCEDURE `Eliminar_Proveedor`(in ced int)
BEGIN
update proveedor set condicion='0' where idproveedor = ced;
END ;;
DELIMITER ;
/*!50003 SET sql_mode              = @saved_sql_mode */ ;
/*!50003 SET character_set_client  = @saved_cs_client */ ;
/*!50003 SET character_set_results = @saved_cs_results */ ;
/*!50003 SET collation_connection  = @saved_col_connection */ ;
/*!50003 DROP PROCEDURE IF EXISTS `Eliminar_Usuario` */;
/*!50003 SET @saved_cs_client      = @@character_set_client */ ;
/*!50003 SET @saved_cs_results     = @@character_set_results */ ;
/*!50003 SET @saved_col_connection = @@collation_connection */ ;
/*!50003 SET character_set_client  = utf8mb4 */ ;
/*!50003 SET character_set_results = utf8mb4 */ ;
/*!50003 SET collation_connection  = utf8mb4_0900_ai_ci */ ;
/*!50003 SET @saved_sql_mode       = @@sql_mode */ ;
/*!50003 SET sql_mode              = 'ONLY_FULL_GROUP_BY,STRICT_TRANS_TABLES,NO_ZERO_IN_DATE,NO_ZERO_DATE,ERROR_FOR_DIVISION_BY_ZERO,NO_ENGINE_SUBSTITUTION' */ ;
DELIMITER ;;
CREATE DEFINER=`root`@`localhost` PROCEDURE `Eliminar_Usuario`(in ced int)
BEGIN
update usuario set condicion='0' where idusuario = ced;
END ;;
DELIMITER ;
/*!50003 SET sql_mode              = @saved_sql_mode */ ;
/*!50003 SET character_set_client  = @saved_cs_client */ ;
/*!50003 SET character_set_results = @saved_cs_results */ ;
/*!50003 SET collation_connection  = @saved_col_connection */ ;
/*!50003 DROP PROCEDURE IF EXISTS `fact` */;
/*!50003 SET @saved_cs_client      = @@character_set_client */ ;
/*!50003 SET @saved_cs_results     = @@character_set_results */ ;
/*!50003 SET @saved_col_connection = @@collation_connection */ ;
/*!50003 SET character_set_client  = utf8mb4 */ ;
/*!50003 SET character_set_results = utf8mb4 */ ;
/*!50003 SET collation_connection  = utf8mb4_0900_ai_ci */ ;
/*!50003 SET @saved_sql_mode       = @@sql_mode */ ;
/*!50003 SET sql_mode              = 'ONLY_FULL_GROUP_BY,STRICT_TRANS_TABLES,NO_ZERO_IN_DATE,NO_ZERO_DATE,ERROR_FOR_DIVISION_BY_ZERO,NO_ENGINE_SUBSTITUTION' */ ;
DELIMITER ;;
CREATE DEFINER=`root`@`localhost` PROCEDURE `fact`(in tigo varchar(45),in imto float , in cela int, in idusu int )
BEGIN
insert into factura (fecha, tipopago, impuesto, totalfactura, cedula, idusuario, condicion) values (current_date(), tigo,imto, '0', cela,idusu, '1');
END ;;
DELIMITER ;
/*!50003 SET sql_mode              = @saved_sql_mode */ ;
/*!50003 SET character_set_client  = @saved_cs_client */ ;
/*!50003 SET character_set_results = @saved_cs_results */ ;
/*!50003 SET collation_connection  = @saved_col_connection */ ;
/*!50003 DROP PROCEDURE IF EXISTS `factura_comp` */;
/*!50003 SET @saved_cs_client      = @@character_set_client */ ;
/*!50003 SET @saved_cs_results     = @@character_set_results */ ;
/*!50003 SET @saved_col_connection = @@collation_connection */ ;
/*!50003 SET character_set_client  = utf8mb4 */ ;
/*!50003 SET character_set_results = utf8mb4 */ ;
/*!50003 SET collation_connection  = utf8mb4_0900_ai_ci */ ;
/*!50003 SET @saved_sql_mode       = @@sql_mode */ ;
/*!50003 SET sql_mode              = 'ONLY_FULL_GROUP_BY,STRICT_TRANS_TABLES,NO_ZERO_IN_DATE,NO_ZERO_DATE,ERROR_FOR_DIVISION_BY_ZERO,NO_ENGINE_SUBSTITUTION' */ ;
DELIMITER ;;
CREATE DEFINER=`root`@`localhost` PROCEDURE `factura_comp`(in idprovee int, in idusu int, in total_comp float,in descu float ,in tipo_go varchar(45) )
BEGIN
insert into fact_com (idproveedor,id_usuario,fecha, total_comp,descuento,tipode_pago,condicion) values (idprovee, idusu,current_date, total_comp, descu,tipo_go, '1');
END ;;
DELIMITER ;
/*!50003 SET sql_mode              = @saved_sql_mode */ ;
/*!50003 SET character_set_client  = @saved_cs_client */ ;
/*!50003 SET character_set_results = @saved_cs_results */ ;
/*!50003 SET collation_connection  = @saved_col_connection */ ;
/*!50003 DROP PROCEDURE IF EXISTS `Factu_ra` */;
/*!50003 SET @saved_cs_client      = @@character_set_client */ ;
/*!50003 SET @saved_cs_results     = @@character_set_results */ ;
/*!50003 SET @saved_col_connection = @@collation_connection */ ;
/*!50003 SET character_set_client  = utf8mb4 */ ;
/*!50003 SET character_set_results = utf8mb4 */ ;
/*!50003 SET collation_connection  = utf8mb4_0900_ai_ci */ ;
/*!50003 SET @saved_sql_mode       = @@sql_mode */ ;
/*!50003 SET sql_mode              = 'ONLY_FULL_GROUP_BY,STRICT_TRANS_TABLES,NO_ZERO_IN_DATE,NO_ZERO_DATE,ERROR_FOR_DIVISION_BY_ZERO,NO_ENGINE_SUBSTITUTION' */ ;
DELIMITER ;;
CREATE DEFINER=`root`@`localhost` PROCEDURE `Factu_ra`(in ced int,in tipopa varchar(45),in idusu int)
BEGIN
insert into factura (fecha, tipopago, impuesto, totalfactura, cedula, idusuario, condicion) values (current_date(), tipopa, '0.19', totalfactura, ced, idusu, '1');
END ;;
DELIMITER ;
/*!50003 SET sql_mode              = @saved_sql_mode */ ;
/*!50003 SET character_set_client  = @saved_cs_client */ ;
/*!50003 SET character_set_results = @saved_cs_results */ ;
/*!50003 SET collation_connection  = @saved_col_connection */ ;
/*!50003 DROP PROCEDURE IF EXISTS `fact_com_pro` */;
/*!50003 SET @saved_cs_client      = @@character_set_client */ ;
/*!50003 SET @saved_cs_results     = @@character_set_results */ ;
/*!50003 SET @saved_col_connection = @@collation_connection */ ;
/*!50003 SET character_set_client  = utf8mb4 */ ;
/*!50003 SET character_set_results = utf8mb4 */ ;
/*!50003 SET collation_connection  = utf8mb4_0900_ai_ci */ ;
/*!50003 SET @saved_sql_mode       = @@sql_mode */ ;
/*!50003 SET sql_mode              = 'ONLY_FULL_GROUP_BY,STRICT_TRANS_TABLES,NO_ZERO_IN_DATE,NO_ZERO_DATE,ERROR_FOR_DIVISION_BY_ZERO,NO_ENGINE_SUBSTITUTION' */ ;
DELIMITER ;;
CREATE DEFINER=`root`@`localhost` PROCEDURE `fact_com_pro`(in id_facom int, in idpr int, in canti_com int)
BEGIN
insert into fact_com_prod (idfact_com,idpro,cantidad_com,pre_uni,pre_total) values (id_facom, idpr,canti_com, '0', '0');
END ;;
DELIMITER ;
/*!50003 SET sql_mode              = @saved_sql_mode */ ;
/*!50003 SET character_set_client  = @saved_cs_client */ ;
/*!50003 SET character_set_results = @saved_cs_results */ ;
/*!50003 SET collation_connection  = @saved_col_connection */ ;
/*!50003 DROP PROCEDURE IF EXISTS `Insertar_Producto` */;
/*!50003 SET @saved_cs_client      = @@character_set_client */ ;
/*!50003 SET @saved_cs_results     = @@character_set_results */ ;
/*!50003 SET @saved_col_connection = @@collation_connection */ ;
/*!50003 SET character_set_client  = utf8mb4 */ ;
/*!50003 SET character_set_results = utf8mb4 */ ;
/*!50003 SET collation_connection  = utf8mb4_0900_ai_ci */ ;
/*!50003 SET @saved_sql_mode       = @@sql_mode */ ;
/*!50003 SET sql_mode              = 'ONLY_FULL_GROUP_BY,STRICT_TRANS_TABLES,NO_ZERO_IN_DATE,NO_ZERO_DATE,ERROR_FOR_DIVISION_BY_ZERO,NO_ENGINE_SUBSTITUTION' */ ;
DELIMITER ;;
CREATE DEFINER=`root`@`localhost` PROCEDURE `Insertar_Producto`(in nom varchar(45),in descrip varchar(45), in img longblob,in rut varchar(500))
BEGIN
insert into producto(nombre,descripcion,imagen,precio,condicion,ruta) values (nom,descrip,'0',img,'0','1',rut);
END ;;
DELIMITER ;
/*!50003 SET sql_mode              = @saved_sql_mode */ ;
/*!50003 SET character_set_client  = @saved_cs_client */ ;
/*!50003 SET character_set_results = @saved_cs_results */ ;
/*!50003 SET collation_connection  = @saved_col_connection */ ;
/*!50003 DROP PROCEDURE IF EXISTS `ins_pro_fact` */;
/*!50003 SET @saved_cs_client      = @@character_set_client */ ;
/*!50003 SET @saved_cs_results     = @@character_set_results */ ;
/*!50003 SET @saved_col_connection = @@collation_connection */ ;
/*!50003 SET character_set_client  = utf8mb4 */ ;
/*!50003 SET character_set_results = utf8mb4 */ ;
/*!50003 SET collation_connection  = utf8mb4_0900_ai_ci */ ;
/*!50003 SET @saved_sql_mode       = @@sql_mode */ ;
/*!50003 SET sql_mode              = 'ONLY_FULL_GROUP_BY,STRICT_TRANS_TABLES,NO_ZERO_IN_DATE,NO_ZERO_DATE,ERROR_FOR_DIVISION_BY_ZERO,NO_ENGINE_SUBSTITUTION' */ ;
DELIMITER ;;
CREATE DEFINER=`root`@`localhost` PROCEDURE `ins_pro_fact`(in pro int, in fac int, in cant int, in descu float)
BEGIN
insert into producto_factura (idproducto, idfactura, cantidad, descuento, totalventas) values (current_date(), pro, fac, cant, descu, '0');
END ;;
DELIMITER ;
/*!50003 SET sql_mode              = @saved_sql_mode */ ;
/*!50003 SET character_set_client  = @saved_cs_client */ ;
/*!50003 SET character_set_results = @saved_cs_results */ ;
/*!50003 SET collation_connection  = @saved_col_connection */ ;
/*!50003 DROP PROCEDURE IF EXISTS `login` */;
/*!50003 SET @saved_cs_client      = @@character_set_client */ ;
/*!50003 SET @saved_cs_results     = @@character_set_results */ ;
/*!50003 SET @saved_col_connection = @@collation_connection */ ;
/*!50003 SET character_set_client  = utf8mb4 */ ;
/*!50003 SET character_set_results = utf8mb4 */ ;
/*!50003 SET collation_connection  = utf8mb4_0900_ai_ci */ ;
/*!50003 SET @saved_sql_mode       = @@sql_mode */ ;
/*!50003 SET sql_mode              = 'ONLY_FULL_GROUP_BY,STRICT_TRANS_TABLES,NO_ZERO_IN_DATE,NO_ZERO_DATE,ERROR_FOR_DIVISION_BY_ZERO,NO_ENGINE_SUBSTITUTION' */ ;
DELIMITER ;;
CREATE DEFINER=`root`@`localhost` PROCEDURE `login`(in usu varchar(45), in contra varchar (25) )
BEGIN
select login,clave from usuario where login=usu && clave=contra && condicion='1';
END ;;
DELIMITER ;
/*!50003 SET sql_mode              = @saved_sql_mode */ ;
/*!50003 SET character_set_client  = @saved_cs_client */ ;
/*!50003 SET character_set_results = @saved_cs_results */ ;
/*!50003 SET collation_connection  = @saved_col_connection */ ;
/*!50003 DROP PROCEDURE IF EXISTS `new_producto` */;
/*!50003 SET @saved_cs_client      = @@character_set_client */ ;
/*!50003 SET @saved_cs_results     = @@character_set_results */ ;
/*!50003 SET @saved_col_connection = @@collation_connection */ ;
/*!50003 SET character_set_client  = utf8mb4 */ ;
/*!50003 SET character_set_results = utf8mb4 */ ;
/*!50003 SET collation_connection  = utf8mb4_0900_ai_ci */ ;
/*!50003 SET @saved_sql_mode       = @@sql_mode */ ;
/*!50003 SET sql_mode              = 'ONLY_FULL_GROUP_BY,STRICT_TRANS_TABLES,NO_ZERO_IN_DATE,NO_ZERO_DATE,ERROR_FOR_DIVISION_BY_ZERO,NO_ENGINE_SUBSTITUTION' */ ;
DELIMITER ;;
CREATE DEFINER=`root`@`localhost` PROCEDURE `new_producto`(in nom varchar (45), in descrip varchar(45), in ima varchar (45) )
BEGIN
insert into producto (nombre, descripcion, cantidad,imagen, precio, condicion) values (nom,descrip,'0', ima, '0', '1');
END ;;
DELIMITER ;
/*!50003 SET sql_mode              = @saved_sql_mode */ ;
/*!50003 SET character_set_client  = @saved_cs_client */ ;
/*!50003 SET character_set_results = @saved_cs_results */ ;
/*!50003 SET collation_connection  = @saved_col_connection */ ;
/*!50003 DROP PROCEDURE IF EXISTS `new_usua` */;
/*!50003 SET @saved_cs_client      = @@character_set_client */ ;
/*!50003 SET @saved_cs_results     = @@character_set_results */ ;
/*!50003 SET @saved_col_connection = @@collation_connection */ ;
/*!50003 SET character_set_client  = utf8mb4 */ ;
/*!50003 SET character_set_results = utf8mb4 */ ;
/*!50003 SET collation_connection  = utf8mb4_0900_ai_ci */ ;
/*!50003 SET @saved_sql_mode       = @@sql_mode */ ;
/*!50003 SET sql_mode              = 'ONLY_FULL_GROUP_BY,STRICT_TRANS_TABLES,NO_ZERO_IN_DATE,NO_ZERO_DATE,ERROR_FOR_DIVISION_BY_ZERO,NO_ENGINE_SUBSTITUTION' */ ;
DELIMITER ;;
CREATE DEFINER=`root`@`localhost` PROCEDURE `new_usua`(in idusu int,in tipodocu varchar(45), in nom varchar(45), in sex int,in idcar int, in tele varchar(45),in corre varchar (45), in direcc varchar(45), in log varchar(45), in cla varchar(25),in fechanaci date )
BEGIN
insert into usuario  values (idusu,tipodocu,nom,sex,idcar,tele,corre,direcc,log,cla, '1', fechanaci);
END ;;
DELIMITER ;
/*!50003 SET sql_mode              = @saved_sql_mode */ ;
/*!50003 SET character_set_client  = @saved_cs_client */ ;
/*!50003 SET character_set_results = @saved_cs_results */ ;
/*!50003 SET collation_connection  = @saved_col_connection */ ;
/*!50003 DROP PROCEDURE IF EXISTS `pro_veedor` */;
/*!50003 SET @saved_cs_client      = @@character_set_client */ ;
/*!50003 SET @saved_cs_results     = @@character_set_results */ ;
/*!50003 SET @saved_col_connection = @@collation_connection */ ;
/*!50003 SET character_set_client  = utf8mb4 */ ;
/*!50003 SET character_set_results = utf8mb4 */ ;
/*!50003 SET collation_connection  = utf8mb4_0900_ai_ci */ ;
/*!50003 SET @saved_sql_mode       = @@sql_mode */ ;
/*!50003 SET sql_mode              = 'ONLY_FULL_GROUP_BY,STRICT_TRANS_TABLES,NO_ZERO_IN_DATE,NO_ZERO_DATE,ERROR_FOR_DIVISION_BY_ZERO,NO_ENGINE_SUBSTITUTION' */ ;
DELIMITER ;;
CREATE DEFINER=`root`@`localhost` PROCEDURE `pro_veedor`(in tipodocu varchar (45), in sex int,in  nom varchar(45), in corre varchar (30),in tel varchar(45), in direc varchar(45), in tipoper varchar(45), in fechanaci date)
BEGIN
insert into proveedor (tipodocumento,idsexo,nombre,correo,telefono,direccion,tipodepersona,condicion,fechanacimiento) values (tipodocu,sex,nom,corre,tel,direc,tipoper, '1', fechanaci);
END ;;
DELIMITER ;
/*!50003 SET sql_mode              = @saved_sql_mode */ ;
/*!50003 SET character_set_client  = @saved_cs_client */ ;
/*!50003 SET character_set_results = @saved_cs_results */ ;
/*!50003 SET collation_connection  = @saved_col_connection */ ;
/*!50003 DROP PROCEDURE IF EXISTS `Usuario_buscar` */;
/*!50003 SET @saved_cs_client      = @@character_set_client */ ;
/*!50003 SET @saved_cs_results     = @@character_set_results */ ;
/*!50003 SET @saved_col_connection = @@collation_connection */ ;
/*!50003 SET character_set_client  = utf8mb4 */ ;
/*!50003 SET character_set_results = utf8mb4 */ ;
/*!50003 SET collation_connection  = utf8mb4_0900_ai_ci */ ;
/*!50003 SET @saved_sql_mode       = @@sql_mode */ ;
/*!50003 SET sql_mode              = 'ONLY_FULL_GROUP_BY,STRICT_TRANS_TABLES,NO_ZERO_IN_DATE,NO_ZERO_DATE,ERROR_FOR_DIVISION_BY_ZERO,NO_ENGINE_SUBSTITUTION' */ ;
DELIMITER ;;
CREATE DEFINER=`root`@`localhost` PROCEDURE `Usuario_buscar`(in valor int)
BEGIN
select * from usuario where idusuario=valor;
END ;;
DELIMITER ;
/*!50003 SET sql_mode              = @saved_sql_mode */ ;
/*!50003 SET character_set_client  = @saved_cs_client */ ;
/*!50003 SET character_set_results = @saved_cs_results */ ;
/*!50003 SET collation_connection  = @saved_col_connection */ ;

--
-- Final view structure for view `mostrar_cargo`
--

/*!50001 DROP VIEW IF EXISTS `mostrar_cargo`*/;
/*!50001 SET @saved_cs_client          = @@character_set_client */;
/*!50001 SET @saved_cs_results         = @@character_set_results */;
/*!50001 SET @saved_col_connection     = @@collation_connection */;
/*!50001 SET character_set_client      = utf8mb4 */;
/*!50001 SET character_set_results     = utf8mb4 */;
/*!50001 SET collation_connection      = utf8mb4_0900_ai_ci */;
/*!50001 CREATE ALGORITHM=UNDEFINED */
/*!50013 DEFINER=`root`@`localhost` SQL SECURITY DEFINER */
/*!50001 VIEW `mostrar_cargo` AS select `cargo`.`idcargo` AS `idcargo`,`cargo`.`nombre` AS `nombre` from `cargo` where (0 <> '1') */;
/*!50001 SET character_set_client      = @saved_cs_client */;
/*!50001 SET character_set_results     = @saved_cs_results */;
/*!50001 SET collation_connection      = @saved_col_connection */;

--
-- Final view structure for view `mostrar_cliente`
--

/*!50001 DROP VIEW IF EXISTS `mostrar_cliente`*/;
/*!50001 SET @saved_cs_client          = @@character_set_client */;
/*!50001 SET @saved_cs_results         = @@character_set_results */;
/*!50001 SET @saved_col_connection     = @@collation_connection */;
/*!50001 SET character_set_client      = utf8mb4 */;
/*!50001 SET character_set_results     = utf8mb4 */;
/*!50001 SET collation_connection      = utf8mb4_0900_ai_ci */;
/*!50001 CREATE ALGORITHM=UNDEFINED */
/*!50013 DEFINER=`root`@`localhost` SQL SECURITY DEFINER */
/*!50001 VIEW `mostrar_cliente` AS select `cliente`.`cedula` AS `cedula`,`cliente`.`tipodocumento` AS `tipodocumento`,`sexo`.`nombre` AS `sexos`,`cliente`.`nombre` AS `nombre`,`cliente`.`telefono` AS `telefono`,`cliente`.`correo` AS `correo`,`cliente`.`direccion` AS `direccion`,`cliente`.`fechanacimiento` AS `fechanacimiento` from (`cliente` join `sexo` on((`sexo`.`idsexo` = `cliente`.`idsexo`))) where (`cliente`.`condicion` = '1') */;
/*!50001 SET character_set_client      = @saved_cs_client */;
/*!50001 SET character_set_results     = @saved_cs_results */;
/*!50001 SET collation_connection      = @saved_col_connection */;

--
-- Final view structure for view `mostrar_producto`
--

/*!50001 DROP VIEW IF EXISTS `mostrar_producto`*/;
/*!50001 SET @saved_cs_client          = @@character_set_client */;
/*!50001 SET @saved_cs_results         = @@character_set_results */;
/*!50001 SET @saved_col_connection     = @@collation_connection */;
/*!50001 SET character_set_client      = utf8mb4 */;
/*!50001 SET character_set_results     = utf8mb4 */;
/*!50001 SET collation_connection      = utf8mb4_0900_ai_ci */;
/*!50001 CREATE ALGORITHM=UNDEFINED */
/*!50013 DEFINER=`root`@`localhost` SQL SECURITY DEFINER */
/*!50001 VIEW `mostrar_producto` AS select `producto`.`idproducto` AS `Identificar`,`producto`.`nombre` AS `NombreDelProducto`,`producto`.`descripcion` AS `DescripcionDelProducto`,`producto`.`cantidad` AS `CantidadDelProducto`,`producto`.`imagen` AS `ImagenDelProducto`,`producto`.`precio` AS `PrecioDelProducto` from `producto` where (`producto`.`condicion` = '1') */;
/*!50001 SET character_set_client      = @saved_cs_client */;
/*!50001 SET character_set_results     = @saved_cs_results */;
/*!50001 SET collation_connection      = @saved_col_connection */;

--
-- Final view structure for view `mostrar_proveedor`
--

/*!50001 DROP VIEW IF EXISTS `mostrar_proveedor`*/;
/*!50001 SET @saved_cs_client          = @@character_set_client */;
/*!50001 SET @saved_cs_results         = @@character_set_results */;
/*!50001 SET @saved_col_connection     = @@collation_connection */;
/*!50001 SET character_set_client      = utf8mb4 */;
/*!50001 SET character_set_results     = utf8mb4 */;
/*!50001 SET collation_connection      = utf8mb4_0900_ai_ci */;
/*!50001 CREATE ALGORITHM=UNDEFINED */
/*!50013 DEFINER=`root`@`localhost` SQL SECURITY DEFINER */
/*!50001 VIEW `mostrar_proveedor` AS select `proveedor`.`idproveedor` AS `idproveedor`,`proveedor`.`tipodocumento` AS `tipodocumento`,`sexo`.`nombre` AS `nombre`,`proveedor`.`nombre` AS `NombreProveedor`,`proveedor`.`correo` AS `correo`,`proveedor`.`telefono` AS `telefono`,`proveedor`.`direccion` AS `direccion`,`proveedor`.`tipodepersona` AS `tipodepersona`,`proveedor`.`fechanacimiento` AS `fechanacimiento` from (`proveedor` join `sexo` on((`sexo`.`idsexo` = `proveedor`.`idsexo`))) where (`proveedor`.`condicion` = '1') */;
/*!50001 SET character_set_client      = @saved_cs_client */;
/*!50001 SET character_set_results     = @saved_cs_results */;
/*!50001 SET collation_connection      = @saved_col_connection */;

--
-- Final view structure for view `mostrar_sexo`
--

/*!50001 DROP VIEW IF EXISTS `mostrar_sexo`*/;
/*!50001 SET @saved_cs_client          = @@character_set_client */;
/*!50001 SET @saved_cs_results         = @@character_set_results */;
/*!50001 SET @saved_col_connection     = @@collation_connection */;
/*!50001 SET character_set_client      = utf8mb4 */;
/*!50001 SET character_set_results     = utf8mb4 */;
/*!50001 SET collation_connection      = utf8mb4_0900_ai_ci */;
/*!50001 CREATE ALGORITHM=UNDEFINED */
/*!50013 DEFINER=`root`@`localhost` SQL SECURITY DEFINER */
/*!50001 VIEW `mostrar_sexo` AS select `sexo`.`idsexo` AS `idsexo`,`sexo`.`nombre` AS `nombre` from `sexo` where (`sexo`.`condicion` = '1') */;
/*!50001 SET character_set_client      = @saved_cs_client */;
/*!50001 SET character_set_results     = @saved_cs_results */;
/*!50001 SET collation_connection      = @saved_col_connection */;

--
-- Final view structure for view `mostrar_usuario`
--

/*!50001 DROP VIEW IF EXISTS `mostrar_usuario`*/;
/*!50001 SET @saved_cs_client          = @@character_set_client */;
/*!50001 SET @saved_cs_results         = @@character_set_results */;
/*!50001 SET @saved_col_connection     = @@collation_connection */;
/*!50001 SET character_set_client      = utf8mb4 */;
/*!50001 SET character_set_results     = utf8mb4 */;
/*!50001 SET collation_connection      = utf8mb4_0900_ai_ci */;
/*!50001 CREATE ALGORITHM=UNDEFINED */
/*!50013 DEFINER=`root`@`localhost` SQL SECURITY DEFINER */
/*!50001 VIEW `mostrar_usuario` AS select `usuario`.`idusuario` AS `idiusu`,`sexo`.`nombre` AS `sexoo`,`cargo`.`nombre` AS `rol`,`usuario`.`nombre` AS `nombredeusuario`,`usuario`.`telefono` AS `telefono`,`usuario`.`correo` AS `gmailcorreo`,`usuario`.`direccion` AS `direccion`,`usuario`.`fechanacimiento` AS `fechadenacimiento`,`usuario`.`tipodocumento` AS `tipodedocumento` from ((`usuario` join `sexo` on((`sexo`.`idsexo` = `usuario`.`idsexo`))) join `cargo` on((`usuario`.`idcargo` = `cargo`.`idcargo`))) where (`usuario`.`condicion` = '1') */;
/*!50001 SET character_set_client      = @saved_cs_client */;
/*!50001 SET character_set_results     = @saved_cs_results */;
/*!50001 SET collation_connection      = @saved_col_connection */;

--
-- Final view structure for view `pato`
--

/*!50001 DROP VIEW IF EXISTS `pato`*/;
/*!50001 SET @saved_cs_client          = @@character_set_client */;
/*!50001 SET @saved_cs_results         = @@character_set_results */;
/*!50001 SET @saved_col_connection     = @@collation_connection */;
/*!50001 SET character_set_client      = utf8mb4 */;
/*!50001 SET character_set_results     = utf8mb4 */;
/*!50001 SET collation_connection      = utf8mb4_0900_ai_ci */;
/*!50001 CREATE ALGORITHM=UNDEFINED */
/*!50013 DEFINER=`root`@`localhost` SQL SECURITY DEFINER */
/*!50001 VIEW `pato` AS select `producto`.`nombre` AS `Nombre`,`factura`.`idfactura` AS `Factura`,`producto`.`idproducto` AS `Producto`,`producto`.`cantidad` AS `Cantidad`,`producto_factura`.`descuento` AS `Descuento`,`producto_factura`.`totalventas` AS `Total` from ((`producto` join `producto_factura` on((`producto`.`idproducto` = `producto_factura`.`idproducto_factura`))) join `factura` on((`factura`.`idfactura` = `producto_factura`.`idfactura`))) */;
/*!50001 SET character_set_client      = @saved_cs_client */;
/*!50001 SET character_set_results     = @saved_cs_results */;
/*!50001 SET collation_connection      = @saved_col_connection */;
/*!40103 SET TIME_ZONE=@OLD_TIME_ZONE */;

/*!40101 SET SQL_MODE=@OLD_SQL_MODE */;
/*!40014 SET FOREIGN_KEY_CHECKS=@OLD_FOREIGN_KEY_CHECKS */;
/*!40014 SET UNIQUE_CHECKS=@OLD_UNIQUE_CHECKS */;
/*!40101 SET CHARACTER_SET_CLIENT=@OLD_CHARACTER_SET_CLIENT */;
/*!40101 SET CHARACTER_SET_RESULTS=@OLD_CHARACTER_SET_RESULTS */;
/*!40101 SET COLLATION_CONNECTION=@OLD_COLLATION_CONNECTION */;
/*!40111 SET SQL_NOTES=@OLD_SQL_NOTES */;

-- Dump completed on 2023-11-02 12:12:46
